w_inj;u1;GOR;x1_eq;x2_eq;x3_eq;estado;status;residual_norm;Pai;Pwh;Pwi;Pwb;wiv;wro;wpc;wpg;wpo;wrg;ro_w;ro_a
0,2;0,1;0,01;2398,549111657409;669,7863726663002;5208,526533765269;0,0;convergiu;7,41799415703958e-19;10053284,271248018;5038042,4266103525;10052928,664072715;14957928,664072715;0,20000000062157477;1,6864229329217753;1,9032871634769994;0,2168642305469307;1,6864229329297449;0,01686422932921775;340,8009675278028;112,48367025912023
0,4;0,1;0,01;2400,3977337995993;946,5507746102384;3523,816510494938;0,0;convergiu;1,4093805568684047e-16;10061032,59035278;6245866,781173178;10059611,25706652;14964611,25706652;0,4000000071999954;1,5466993962316182;1,9621664067595974;0,41546701060120433;1,546699396157954;0,015466993962316183;259,17393650507887;112,57036425361268
0,6000000000000001;0,1;0,01;2403,343346969461;1148,7544202365657;2427,35562802491;0,0;convergiu;4,047985292023517e-18;10073378,840177653;7019345,964878191;10070184,759977998;14975184,759977998;0,5999999990398533;1,2951873321984433;1,908139202709326;0,6129518705958261;1,2951873321129663;0,012951873321984433;207,32849438823868;112,70850333898693
0,8;0,1;0,01;2406,237829564189;1305,953130332088;1631,962064332183;0,0;convergiu;7,649241866579932e-18;10085510,78119214;7573455,066475067;10079839,246948589;14984839,246948589;0,7999999983162429;1,0123571041265071;1,8224806712056474;0,8101235671650869;1,0123571040399402;0,01012357104126507;170,32852057955898;112,84424457696025
1,0;0,1;0,01;2408,7813539751046;1431,7557229002873;1024,2937140866864;0,0;convergiu;1,54850594705665e-17;10096171,715266626;7992022,7900702115;10087319,30050216;14992319,30050216;0,9999999975204178;0,7205659484418797;1,7277716022090572;1,007205653955055;0,7205659482532988;0,007205659484418797;142,391879735676;112,96352708810123
1,2;0,1;0,01;2410,8930437900126;1534,1251228605822;545,6107028356191;0,0;convergiu;4,2165584523985537e-17;10105022,656820746;8318029,217893036;10092286,345040869;14997286,345040869;1,1999999958039411;0,42830255105154086;1,6325855669341;1,204283016384334;0,4283025505489808;0,004283025510515409;120,57472830750719;113,06255804797408
1,4;0,1;0,01;2412,566505870272;1618,3246800853271;160,7658846247456;0,0;convergiu;3,4740263495253345e-16;10112036,80963848;8576941,630519308;10094713,299054004;14999713,299054004;1,3999999868224824;0,13921560239180295;1,5406077321992124;1,4013921296655136;0,1392156025328327;0,0013921560239180295;103,14452384958902;113,14103764045447
1,6;0,1;0,01;2557,147440835376;1752,5101449195643;0,03716407129239176;0,0;convergiu;1,1336629885244056e-09;10718033,673468642;9201559,178104509;10696686,35494192;15601686,35494192;1,599999995830727;2,6e-07;1,6000339335855358;1,6000000036730748;3,39299115481368e-05;2,6e-09;101,60565251449057;119,92138419885046
1,8;0,1;0,01;2838,21644798381;1945,027711336548;0,05414859251070406;0,0;convergiu;2,4851317329208853e-09;11896106,957424918;10212383,228828853;11871764,824426375;16776764,824426375;1,799999992921291;2,6e-07;1,800050116270485;1,800000005175393;5,0111094166638715e-05;2,6e-09;112,76803231405495;133,10254999882702
2,0;0,1;0,01;3119,629214451865;2137,7882344349755;0,03905748433373732;0,0;convergiu;1,316244804815453e-09;13075621,074985242;11224464,044200758;13048279,964681543;17953279,964681543;1,9999999946864304;2,6e-07;2,000036543621373;2,000000003533095;3,654008734224066e-05;2,6e-09;123,94263814985035;146,29983692376564
0,2;0,2;0,01;2387,7182555952945;551,7262304416311;5980,862852512441;0,0;convergiu;2,529245014446425e-18;10007887,79620225;4434470,480567177;10007530,57596627;14912530,57596627;0,20000000112478086;2,4316523321972046;2,6559688577773053;0,22431652557104748;2,431652332205851;0,024316523321972046;378,7332718366286;111,97574051276078
0,4;0,2;0,01;2387,807345973586;778,5945671427843;4478,681775356009;0,0;convergiu;3,62162075082392e-18;10008261,209819024;5521762,737867246;10006832,382201359;14911832,382201359;0,400000000299251;2,4413379453054325;2,865751323093123;0,4244133778749788;2,4413379452175987;0,024413379453054326;304,7957624243347;111,9799185438406
0,6000000000000001;0,2;0,01;2391,190650182357;952,1679549071965;3460,9832790822215;0,0;convergiu;4,3411488536499224e-17;10022441,99887253;6254299,171784117;10019231,685492113;14924231,685492113;0,5999999967684633;2,2631699142426633;2,8858016042638477;0,6226316901710286;2,2631699140921646;0,022631699142426635;255,85677971387844;112,13858382743061
0,8;0,2;0,01;2395,4530806990347;1093,469530560068;2693,6333928489835;0,0;convergiu;1,805611423833537e-18;10040307,55995791;6803770,17507097;10034610,491461435;14939610,491461435;0,7999999992638719;2,0204778586282433;2,8406826353390704;0,8202047767261127;2,020477858612207;0,020204778586282432;219,56101367333702;112,33847709891299
1,0;0,2;0,01;2399,816092050901;1211,9341330409097;2084,125769883136;0,0;convergiu;2,2092426754200755e-18;10058594,695787571;7237785,8388042115;10049709,21003888;14954709,21003888;0,9999999989999971;1,7497592409733742;2,767256831301002;1,0174975903102028;1,7497592409899598;0,017497592409733743;191,0923119994322;112,54308726422288
1,2;0,2;0,01;2403,9633576059296;1312,962532146582;1584,722854110157;0,0;convergiu;9,578739585893069e-18;10075977,554187436;7591141,064879183;10063204,52855351;14968204,52855351;1,199999998072008;1,4660743056826;2,6807350443294413;1,2146607387085735;1,466074305619943;0,014660743056826001;167,9961579022091;112,73757969671118
1,4;0,2;0,01;2407,7558918069594;1400,0690758033272;1167,0047835214457;0,0;convergiu;6,570251133998576e-18;10091873,590773085;7884502,181556561;10074515,468122503;14979515,468122503;1,3999999982527251;1,1767558603715604;2,5885234153583223;1,411767554981005;1,176755860376309;0,011767558603715604;148,8286297274192;112,91543645371553
1,6;0,2;0,01;2411,1344934833032;1475,7309537071123;812,4431206668202;0,0;convergiu;1,0519237397634856e-17;10106034,669621343;8131315,350637694;10083394,604864035;14988394,604864035;1,5999999977613253;0,8857339957296702;2,494591331108136;1,6088573353718068;0,885733995735239;0,008857339957296703;132,6591406125156;113,07388120477428
1,8;0,2;0,01;2414,0793234557386;1541,7917600370665;508,1709876156151;0,0;convergiu;2,3111605373524506e-17;10118377,63675072;8340901,537920049;10089758,75837629;14994758,75837629;1,7999999966825937;0,5952377119797205;2,401190082316944;1,8059523703229872;0,5952377119927856;0,005952377119797205;118,84860484912329;113,21198356089396
2,0;0,2;0,01;2416,5909645599077;1599,6778444076547;244,82946086373136;0,0;convergiu;7,740053097704211e-17;10128904,93505987;8520029,933269184;10093609,70817087;14998609,70817087;1,9999999939018533;0,3065676559083923;2,309633319816175;2,003065664123259;0,30656765569166416;0,003065676559083923;106,9371236704353;113,32977085505335
0,2;0,3;0,01;2368,4317779610656;457,94309317318374;6608,81082718127;0,0;convergiu;3,756025004286211e-18;9927050,409423044;3897925,3025122406;9926690,280290868;14831690,280290868;0,2000000013708928;3,3730901340369357;3,606821038130403;0,23373090408113006;3,3730901340487622;0,03373090134036936;409,7020032231807;111,07127131505924
0,4;0,3;0,01;2362,9032294347544;639,4797307596012;5290,831069079894;0,0;convergiu;1,9163287228354693e-17;9903878,038395798;4843187,648742084;9902434,151501507;14807434,151501507;0,39999999583629015;3,6079705318223088;4,044050231694454;0,436079699804575;3,6079705318891975;0,03607970531822309;343,81559649786664;110,81200148129902
0,6000000000000001;0,3;0,01;2364,708099956532;782,7040531416798;4376,462363295338;0,0;convergiu;5,120329516151387e-21;9911442,976857986;5506826,271721901;9908196,710893366;14813196,710893366;0,5999999999629964;3,5535759937854747;4,18911175366864;0,635535759849294;3,553575993818534;0,035535759937854745;299,10774304561954;110,89664367588462
0,8;0,3;0,01;2369,2997437540294;902,9113474873512;3671,273036619957;0,0;convergiu;1,3506503601372083e-19;9930688,403246883;6022615,883131708;9924928,448081594;14829928,448081594;0,7999999997422252;3,3906985872654984;4,22460557265939;0,8339069853556089;3,390698587302856;0,033906985872654984;265,19283484360477;111,11197591334218
1,0;0,3;0,01;2375,073405484056;1006,8580451907533;3098,080256399397;0,0;convergiu;3,3742455689356736e-19;9954888,142320758;6443919,141573393;9945910,090669224;14850910,090669224;0,9999999995913889;3,1746618514040916;4,206408469138903;1,0317466176944392;3,1746618514434393;0,03174661851404092;237,98783206882771;111,38274070989006
1,2;0,3;0,01;2381,297338518204;1098,3455040100282;2617,1079931050263;0,0;convergiu;3,065580705590006e-17;9980975,14957585;6798365,543280529;9968080,545730881;14873080,545730881;1,2000000025184259;2,9291219006030484;4,158413116272862;1,2292912167033816;2,9291218995683614;0,029291219006030485;215,40706777210917;111,67462167564781
1,4;0,3;0,01;2387,591483078153;1179,8047646914058;2204,772721771051;0,0;convergiu;2,2490481395153472e-18;10007356,441581903;7102412,530932738;9989851,72082594;14894851,72082594;1,4000000000607602;2,666087709016046;4,092748584449093;1,4266608756718093;2,666087708776075;0,026660877090160462;196,22420589370032;111,96979531949923
1,6;0,3;0,01;2393,7431565562943;1252,9211724538816;1845,78401673204;0,0;convergiu;1,2760067638288127e-18;10033140,579967512;7366779,235949222;10010336,027592529;14915336,027592529;1,599999999445273;2,3923387165585615;4,0162621021344895;1,623923385628309;2,392338716504884;0,023923387165585615;179,65047852463775;112,25828756161927
1,8;0,3;0,01;2399,628300235816;1318,9301812938568;1529,5890319980738;0,0;convergiu;1,6111116832949055e-18;10057807,58474128;7598897,371841953;10029016,357895816;14934016,357895816;1,7999999991925335;2,1119882116723225;3,9331080919997072;1,8211198803299233;2,111988211668403;0,021119882116723224;165,14570070764344;112,53428047661004
2,0;0,3;0,01;2405,173377114802;1378,7753421200277;1248,5592743766895;0,0;convergiu;2,2073982289033503e-18;10081049,232743997;7804163,717878499;10045586,455865443;14950586,455865443;1,999999998999668;1,8276639689768108;3,8459406065805455;2,0182766375909797;1,8276639689881022;0,018276639689768108;152,32230634434217;112,79432543303218
0,2;0,4;0,01;2336,8671308850426;384,84355398413163;7078,737503400553;0,0;convergiu;5,209309980014404e-18;9794750,274964841;3427080,4913718654;9794385,281477794;14699385,281477794;0,2000000016115395;4,507943541361307;4,753022980017518;0,24507943864133563;4,507943541375545;0,04507943541361307;432,7084464652924;109,5909983715999
0,4;0,4;0,01;2318,653077985472;527,5442974941258;5919,265597793777;0,0;convergiu;7,285662087444367e-18;9718407,851688629;4217055,9613216035;9716936,408999475;14621936,408999475;0,4000000025675554;5,055402926734476;5,50595695935098;0,45055403266603367;5,055402926684092;0,05055402926734476;373,76013913414954;108,7368221904744
0,6000000000000001;0,4;0,01;2314,466733605799;642,3579647406782;5108,0777163856665;0,0;convergiu;8,669188348635262e-20;9700861,198213141;4791752,40821724;9697544,463815551;14602544,463815551;0,6000000002083752;5,183434599381835;5,83526894583013;0,6518343464060941;5,183434599423021;0,05183434599381835;333,3871597223168;108,54049709606394
0,8;0,4;0,01;2316,395201618809;740,603465029825;4477,149451593623;0,0;convergiu;3,15118959030109e-21;9708944,183484767;5251701,121535148;9703052,67572425;14608052,67572425;0,8000000000238247;5,147391487058347;5,998865402021737;0,8514739149164285;5,147391487104159;0,051473914870583476;302,5043529684697;108,63093558616049
1,0;0,4;0,01;2321,5099339961785;827,2521174468073;3959,427607822633;0,0;convergiu;1,8778964451870423e-20;9730382,084552184;5637601,020204135;9721196,885121414;14626196,885121414;0,9999999999113901;5,026837033940168;6,077105404148049;1,050268370158163;5,026837033988615;0,05026837033940168;277,5124610724111;108,87079887159564
1,2;0,4;0,01;2328,4095996848255;905,0749642873196;3520,3749062007055;0,0;convergiu;6,259267394892923e-20;9759301,359211776;5970689,181558748;9746113,866047401;14651113,866047401;1,199999999830461;4,856408411078674;6,10497249489412;1,2485640837641632;4,856408411128577;0,04856408411078674;256,56980525108867;109,19436936529448
1,4;0,4;0,01;2336,324474182965;975,8255087210007;3139,5694928848743;0,0;convergiu;1,1704612652712556e-19;9792475,782413837;6263675,214465791;9774586,947778597;14679586,947778597;1,3999999997646952;4,654022166918289;6,100562388161664;1,446540221190833;4,654022166969347;0,046540221669182896;238,5940695283219;109,56554964626685
1,6;0,4;0,01;2344,793194507551;1040,705651808516;2803,8222360469667;0,0;convergiu;1,778203923472514e-19;9827971,596288554;6524860,4694904145;9804690,975493632;14709690,975493632;1,599999999707581;4,429998877723386;6,074298865962348;1,644299988185457;4,429998877775311;0,04429998877723386;222,89028242018802;109,962703383865
1,8;0,4;0,01;2353,522067039921;1100,5859300593338;2504,0727766947425;0,0;convergiu;2,448352880158254e-19;9864557,812726192;6760008,427564806;9835202,556729242;14740202,556729242;1,799999999655556;4,190740646365893;6,03264805218785;1,841907405767866;4,19074064641831;0,04190740646365893;208,98363091988773;110,37205736160637
2,0;0,4;0,01;2362,3157800172353;1156,122871853429;2233,8055316587793;0,0;convergiu;3,1987864028842552e-19;9901415,80155412;6973305,5060088085;9865309,651986815;14770309,651986815;1,9999999996051467;3,9404400167609834;5,979844416186692;2,039404399371266;3,9404400168136617;0,039404400167609835;196,5344305681509;110,78445213229759
0,2;0,5;0,01;2290,4865300332813;329,079258599901;7382,830689644331;0,0;convergiu;2,8618381008466827e-18;9600350,517724996;3020819,847749368;9599978,13340047;14504978,13340047;0,20000000119603265;5,784762586496374;6,042610214778858;0,25784762825713203;5,784762586520942;0,05784762586496374;447,10555795240697;107,41590836102914
0,4;0,5;0,01;2249,108470798839;439,77621472284375;6331,927133855797;0,0;convergiu;6,021106558555105e-19;9426918,42494248;3648349,0425143535;9425401,483838003;14330401,483838003;0,4000000006621456;6,727916445122589;7,195195610671178;0,46727916551676685;6,7279164451533475;0,06727916445122589;392,5961563702834;105,47542027668335
0,6000000000000001;0,5;0,01;2231,740347607315;529,8340443920498;5601,610079249602;0,0;convergiu;3,1701910506790084e-19;9354121,63339303;4119845,2766653574;9350681,953933336;14255681,953933336;0,6000000004275563;7,09337013796027;7,7643038401763596;0,6709337021708658;7,093370138004227;0,0709337013796027;355,4764986044659;104,66091527755697
0,8;0,5;0,01;2225,5428098981397;607,7416784475569;5036,386641933804;0,0;convergiu;4,8461298193449624e-20;9328145,259563826;4506913,762328628;9322013,24527439;14227013,24527439;0,800000000178777;7,228686230529811;8,100973093184008;0,8722868626021275;7,228686230580444;0,07228686230529811;327,2238860120014;104,37027216138762
1,0;0,5;0,01;2225,633726601284;677,23910673523;4573,961245662111;0,0;convergiu;1,0493039481989501e-20;9328526,328042796;4839059,330708848;9318945,447111776;14223945,447111776;1,000000000060562;7,243016483154233;8,315446648164752;1,0724301649499062;7,24301648321326;0,07243016483154233;304,44350092716286;104,37453584079606
1,2;0,5;0,01;2229,6251100956433;740,4041782862138;4182,325958963836;0,0;convergiu;3,8075046197221186e-21;9345255,822014522;5131821,3234544555;9331484,051348042;14236484,051348042;1,2000000000014928;7,184266011839509;8,456108672021411;1,271842660118511;7,1842660119011805;0,07184266011839509;285,4001174074146;104,56171794295737
1,4;0,5;0,01;2236,176163002999;798,5453120238145;3842,633632285875;0,0;convergiu;8,001118913394913e-21;9372713,920259641;5394557,1894444665;9354023,92486666;14259023,92486666;1,3999999999573238;7,0774276880102285;8,548201964866902;1,4707742767912269;7,077427688073833;0,07077427688010228;269,07691030870814;104,86893970110262
1,6;0,5;0,01;2244,464056441003;852,5544228708976;3542,770023286074;0,0;convergiu;1,705324074264466e-20;9407451,815905435;5633406,349477848;9383130,53481304;14288130,53481304;1,599999999922023;6,937029324331737;8,606399617482001;1,6693702930832441;6,937029324396799;0,06937029324331738;254,82325417042472;105,25761328218222
1,8;0,5;0,01;2253,951142056968;903,0738149426164;3274,4539977401637;0,0;convergiu;2,858004197965882e-20;9447216,008408068;5852645,684703967;9416563,949673755;14321563,949673755;1,7999999998922993;6,772169298094529;8,639890990923769;1,8677216927609912;6,772169298160709;0,0677216929809453;242,1962803101031;105,70252483515384
2,0;0,5;0,01;2264,2692175981188;950,585029290867;3031,759301746411;0,0;convergiu;4,162777505375836e-20;9490463,213997167;6055389,609570476;9452793,609058911;14357793,609058911;1,9999999998662334;6,588865761845328;8,654754419260478;2,065888657345965;6,58886576191234;0,06588865761845328;230,88032614960701;106,186406945901
0,2;0,6;0,01;2231,3988540569153;287,8551781727875;7530,3126496217355;1,0;convergiu;2,515804273939457e-18;9352690,296539314;2682499,4063615175;9352308,051437289;14257308,051437289;0,20000000158356557;7,0856175258645795;7,356473702776771;0,2708561769303089;7,085617525845521;0,07085617525864579;453,2659629418336;104,64490040934682
0,4;0,6;0,01;2155,15432429483;372,9378568181518;6522,578789910175;0,0;convergiu;1,549194649542275e-17;9033118,798878292;3148856,107037792;9031535,726565298;13936535,726565298;0,40000000378296463;8,478807987222371;8,963596071805252;0,4847880847315825;8,478807987072368;0,08478807987222371;399,7743540051956;101,06929526407889
0,6000000000000001;0,6;0,01;2116,112482163948;442,42330719779926;5834,972125354027;0,0;convergiu;1,3835500684086733e-20;8869478,731844714;3510500,94301785;8865851,102647824;13770851,102647824;0,6000000000822303;9,115397164194606;9,806551136022708;0,6911539718056451;9,1153971642155;0,09115397164194607;363,93816916884083;99,23836769406795
0,8;0,6;0,01;2094,9534397144953;502,7826157824129;5311,099939457981;0,0;convergiu;4,282625398684694e-20;8780792,672585847;3814358,781649155;8774278,417876327;13679278,417876327;0,8000000001446379;9,448850668285548;10,343339175311572;0,8944885069615811;9,44885066834821;0,09448850668285548;337,0655546000419;98,24608167319163
1,0;0,6;0,01;2084,187640684616;556,8910428091164;4888,06352760562;0,0;convergiu;1,9401282918877297e-20;8735668,877734836;4080256,7245678343;8725437,777945384;13630437,777945384;1,0000000000877078;9,621975172015981;10,718194923977949;1,0962197518922032;9,621975172083776;0,09621975172015981;315,6765921242434;97,74120287697798
1,2;0,6;0,01;2080,112052753369;606,3445640830361;4533,689891604489;0,0;convergiu;1,0084274274599777e-20;8718586,449092388;4318776,153145381;8703824,799281072;13608824,799281072;1,2000000000519246;9,697599887013256;10,994575886056873;1,296975998970422;9,697599887084312;0,09697599887013256;297,9985488196713;97,55007187751569
1,4;0,6;0,01;2080,6294957285677;652,1450786838661;4229,158153078972;0,0;convergiu;6,5723858116443824e-21;8720755,260770477;4536347,264323105;8700668,012043916;13605668,012043916;1,4000000000259647;9,708596313877267;11,205682277139898;1,4970859631867588;9,708596313950842;0,09708596313877267;282,99835185045055;97,57433816613045
1,6;0,6;0,01;2084,442566647548;694,9730892463755;3962,4563629157606;0,0;convergiu;5,7512776129419174e-21;8736737,375003047;4737218,649563821;8710548,96276389;13615548,96276389;1,6000000000060692;9,674135109515525;11,37087646069629;1,6967413511027443;9,674135109591104;0,09674135109515525;270,01904947126826;97,75315802428581
1,8;0,6;0,01;2090,69671680922;735,3168999334873;3725,4313701791166;0,0;convergiu;6,288697436474005e-21;8762951,034396045;4924367,140210523;8729905,474873884;13634905,474873884;1,7999999999900649;9,606268260803747;11,502330943466461;1,896062682582934;9,606268260880947;0,09606268260803746;258,6162646580177;98,04645606897353
2,0;0,6;0,01;2098,801933516553;773,5413924740697;3512,2884967471396;0,0;convergiu;7,567525746268623e-21;8796923,25837214;5099971,259595445;8756283,822345287;13661283,822345287;1,9999999999765126;9,513002344657476;11,608132368132685;2,0951300233939634;9,51300234473601;0,09513002344657476;248,47519962880486;98,42656274223499
0,2;0,7000000000000001;0,01;2168,5490529647977;258,89002412635426;7558,61759124321;1,0;convergiu;2,5118130256098067e-18;9089261,495478056;2419622,765082775;9088868,17198861;13993868,17198861;0,2000000013395428;8,24709109768832;8,529562010848522;0,2824709131634322;8,247091097683999;0,08247091097688321;453,227686477688;101,69746178174583
0,4;0,7000000000000001;0,01;2049,1455549362427;324,08217737103485;6531,401418274768;1,0;convergiu;4,510824958506925e-21;8588793,39881566;2738601,669539097;8587128,42920477;13492128,42920477;0,4000000000452893;10,096143728461753;10,597105165857974;0,5009614373757494;10,096143728480678;0,10096143728461753;397,4533985271218;96,0978500686679
0,6000000000000001;0,7000000000000001;0,01;1981,884717818959;377,0907888881747;5845,086518547394;0,0;convergiu;1,0871243368221486e-20;8306876,171198457;2994760,191102554;8303002,8523547165;13208002,852354717;0,6000000000606545;11,006316694554139;11,716379861682109;0,7100631670644929;11,006316694615732;0,11006316694554139;360,7368441008775;92,94354908442622
0,8;0,7000000000000001;0,01;1940,2541649767702;423,0348251758586;5332,583533372902;0,0;convergiu;6,460021887878161e-21;8132385,776126857;3215138,646789794;8125352,130456427;13030352,130456427;0,8000000000314454;11,538985916498273;12,454375775793835;0,9153898592252957;11,538985916566375;0,11538985916498273;333,687630539039;90,991219921831
1,0;0,7000000000000001;0,01;1913,741241550786;464,19978890561765;4926,04921103229;0,0;convergiu;5,750205846942473e-21;8021259,447811208;3411606,296413366;8010117,12027717;12915117,12027717;1,0000000000166192;11,871734610799859;12,990451957012931;1,1187173461378714;11,871734610872648;0,11871734610799858;312,5049829152023;89,74785537208746
1,2;0,7000000000000001;0,01;1897,0982541187857;501,84858706220257;4590,867805507218;0,0;convergiu;5,918169036848008e-21;7951501,99195445;3590635,458428321;7935316,280106295;12840316,280106295;1,2000000000081636;12,082823323413052;13,403651556738373;1,320828233246297;12,082823323489443;0,12082823323413053;295,2552376096559;88,9673567359206
1,4;0,7000000000000001;0,01;1887,337118603334;536,7691913482878;4306,911239539224;0,0;convergiu;6,293731036425641e-21;7910589,146071881;3756220,5415397477;7888444,653826601;12793444,653826602;1,4000000000028625;12,213236319719751;13,735368682999887;1,522132363198043;12,213236319799007;0,12213236319719752;280,81713299675727;88,50959318905873
1,6;0,7000000000000001;0,01;1882,6025451498822;569,4935018408925;4061,427396140656;0,0;convergiu;6,693955808512805e-21;7890744,643993804;3911033,0598345287;7861748,485795472;12766748,485795472;1,5999999999992907;12,286895554216535;14,009764509836234;1,7228689555351064;12,286895554298102;0,12286895554216536;268,48218999197394;88,28755804432592
1,8;0,7000000000000001;0,01;1881,6690791140727;600,4009904455892;3845,8281197265906;0,0;convergiu;7,07470611185002e-21;7886832,112301233;4056963,845653262;7850115,644158419;12755115,64415842;1,7999999999966279;12,318854754192488;14,24204330180804;1,9231885475288653;12,318854754275971;0,12318854754192489;257,77450209209957;88,24378171085009
2,0;0,7000000000000001;0,01;1883,6885710032961;629,7737415874235;3654,0575063189153;0,0;convergiu;7,426169086038085e-21;7895296,615257278;4195408,750482861;7850016,239177763;12755016,239177763;1,999999999994477;12,319127494736922;14,442318769754774;2,1231912749293893;12,319127494822013;0,12319127494736921;248,35932643445622;88,33848890640189
0,2;0,8;0,01;2114,1608871027775;240,04355011304546;7525,631049638601;1,0;convergiu;7,543677155608007e-20;8861298,811810158;2235869,5682377946;8860895,369823867;13765895,369823867;0,1999999998252043;9,133754594902719;9,42509214050255;0,2913375455650508;9,133754594936285;0,0913375459490272;450,2226164595298;99,14684462527893
0,4;0,8;0,01;1951,0035961889896;290,52924196710956;6439,498249582629;1,0;convergiu;9,277421137114148e-20;8177440,966869228;2434194,167299365;8175692,243760942;13080692,243760942;0,3999999997958532;11,390575241038546;11,904480993075948;0,5139057519857597;11,390575241088419;0,11390575241038546;390,1799576030383;91,49533112392054
0,6000000000000001;0,8;0,01;1853,6711646083234;330,88999622081616;5723,609320996099;1,0;convergiu;1,190571685377926e-19;7769481,588953434;2600146,5761379977;7765340,362847798;12670340,362847798;0,5999999998454019;12,549302429676674;13,274795453537562;0,7254930238346339;12,549302429700735;0,12549302429676673;351,0155478362449;86,93077620768922
0,8;0,8;0,01;1789,522208627404;365,50790395749976;5197,779085842126;0,0;convergiu;5,1657140023126993e-20;7500607,507098873;2746849,0124870907;7492981,415489059;12397981,415489059;0,7999999998487651;13,262596137745414;14,195222098886669;0,932625961070757;13,26259613781336;0,13262596137745414;322,5370304265584;83,92241170226602
1,0;0,8;0,01;1745,2027190575227;396,32170258304535;4787,379161822177;0,0;convergiu;3,8344682916421225e-20;7314846,696433318;2880327,1432468267;7302628,326905348;12207628,326905347;0,999999999873755;13,739152997954367;14,876544527752893;1,1373915297226298;13,739152998027391;0,13739152997954368;300,53015177724325;81,8439806930355
1,2;0,8;0,01;1713,945826904037;424,38684934691935;4454,146393861546;0,0;convergiu;2,91621957116234e-20;7183836,4866662985;3003963,543447558;7165921,1679899385;12070921,16798994;1,1999999998948137;14,071450850707613;15,412165359079177;1,3407145082915057;14,071450850784512;0,14071450850707615;282,83775904186797;80,37814039265155
1,4;0,8;0,01;1691,8650196844071;450,3523143041556;4175,849819632317;0,0;convergiu;2,2883840442579158e-20;7091286,940426584;3119894,1818037005;7066583,951892941;11971583,951892942;1,3999999999123314;14,308072017292794;15,851152737367634;1,5430807199914385;14,308072017372767;0,14308072017292794;268,20861500920336;79,34262678724875
1,6;0,8;0,01;1676,5341771717922;474,650346967716;3938,455462759279;0,0;convergiu;1,8583147832353236e-20;7027029,211807239;3229575,2782633505;6994469,039779673;11899469,039779674;1,5999999999268555;14,477427012798026;16,22220128285885;1,7447742699746571;14,477427012880515;0,14477427012798028;255,85414619762483;78,62366321647913
1,8;0,8;0,01;1666,3451019063118;497,58565266019707;3732,5596531827237;0,0;convergiu;1,562341432730697e-20;6984322,698270715;3334054,6320748013;6942861,753166872;11847861,753166873;1,7999999999391125;14,597415712581435;16,543389869665795;1,9459741569958904;14,597415712665994;0,14597415712581435;245,24683118469906;78,14583077317523
2,0;0,8;0,01;1660,1819654993656;519,3823355342196;3551,57024317486;0,0;convergiu;1,3580442661379282e-20;6958490,514138911;3434116,976518048;6907114,141740956;11812114,141740955;1,9999999999493492;14,679955177666972;16,82675472942371;2,1467995516662985;14,679955177753277;0,14679955177666973;236,01747638610655;77,85680095928001
0,2;0,9;0,01;2075,829316196186;228,9071497105052;7481,35254028773;1,0;convergiu;9,224383299556873e-19;8700635,777222062;2122474,462442178;8700224,885412637;13605224,885412637;0,1999999993746577;9,710138914871699;10,0072403026845;0,29710138779460865;9,710138914888592;0,097101389148717;447,00988260884185;97,34922632285787
0,4;0,9;0,01;1876,5199958139563;269,4033305894701;6328,881776376671;1,0;convergiu;7,5554547918427845e-19;7865250,232697094;2234325,6354482584;7863432,098558342;12768432,098558342;0,39999999941099934;12,28226323351914;12,805085864662628;0,522822631107843;12,282263233552843;0,1228226323351914;382,5420633899919;88,00230748576458
0,6000000000000001;0,9;0,01;1752,569056569288;300,70531633694293;5571,018124415666;1,0;convergiu;3,0027782235950453e-18;7345721,980447228;2332077,20052201;7341341,855521571;12246341,85552157;0,5999999994731203;13,643580562548152;14,38001636558568;0,736435803520895;13,643580562062336;0,13643580562548152;340,4189367794185;82,18943648364812
0,8;0,9;0,01;1667,6840816774406;326,95470907097916;5018,84113167651;1,0;convergiu;9,14324542213931e-19;6989934,901167534;2421164,563982143;6981751,660445889;11886751,66044589;0,7999999994745328;14,507087500730732;15,452158374310068;0,9450708736912533;14,507087500615922;0,1450708750073073;309,92776732581325;78,20862430044858
1,0;0,9;0,01;1606,5249099421487;349,95760623576706;4592,138971208202;1,0;convergiu;1,9802678838012035e-19;6733592,207886553;2504134,569859648;6720319,129092097;11625319,129092097;0,9999999996921866;15,10392091059054;16,254960119146563;1,151039208484131;15,103920910659141;0,1510392091059054;286,5229058095828;75,34047035131397
1,2;0,9;0,01;1561,1673771200174;370,6773864074725;4249,291173120192;0,0;convergiu;1,4266893786288687e-19;6543480,540342562;2582440,1942595253;6523811,9986313;11428811,9986313;1,1999999997412796;15,537448596617272;16,892823082136204;1,3553744854421494;15,537448596690396;0,15537448596617273;267,8472174069501;73,2133586983004
1,4;0,9;0,01;1527,000977480025;389,6939614808834;3965,971227757357;0,0;convergiu;1,058063320968841e-19;6400275,414195047;2657015,1296834205;6372905,345157616;11277905,345157616;1,3999999997803019;15,862332699428075;17,420956026055666;1,558623326547199;15,862332699504467;0,15862332699428075;252,52396977633452;71,61107254440522
1,6;0,9;0,01;1501,121038901254;407,38573971727806;3726,7849355985354;0,0;convergiu;7,988131214933653e-20;6291802,180025979;2728507,624959967;6255437,1969257705;11160437,19692577;1,5999999998126164;16,110693513558562;17,871800448393845;1,7611069347519295;16,110693513637592;0,16110693513558563;239,68260766301907;70,39739279806507
1,8;0,9;0,01;1481,5890253993614;424,0143853820307;3521,4156795147637;0,0;convergiu;6,134795492094674e-20;6209935,653645498;2797392,648033397;6163304,4748218395;11068304,47482184;1,799999999839748;16,302840780123066;18,26586918767938;1,9630284074704738;16,302840780204278;0,16302840780123068;228,74018529346253;69,4814088160963
2,0;0,9;0,01;1467,052898337403;439,7689502658797;3342,6412845408313;0,0;convergiu;4,791276320176664e-20;6149008,897196526;2864032,2152775936;6090869,121189037;10995869,121189037;1,9999999998627034;16,452332582573845;18,616855908201376;2,1645233255395615;16,452332582656894;0,16452332582573845;219,28895043998403;68,79971465551597
0,2;1,0;0,01;2053,0780751639595;222,91822281105968;7448,717913103064;1,0;convergiu;1,6503561193706594e-18;8605276,173155999;2060060,6996626232;8604860,728038339;13509860,728038339;0,19999999922380893;10,03660374751381;10,336969783124253;0,3003660356775786;10,036603747445326;0,1003660374751381;444,7706441044019;96,28227168690033
0,4;1,0;0,01;1829,2414895150753;257,35413133367473;6244,839589173189;1,0;convergiu;1,2140973598021893e-18;7667086,992498021;2118092,559373159;7665221,86693474;12570221,866934739;0,39999999923915047;12,816122728626299;13,34428395437788;0,5281612257286883;12,81612272864714;0,128161227286263;376,9710708284051;85,78510881052365
0,6000000000000001;1,0;0,01;1685,7410474966864;282,8100298757006;5449,531092292302;1,0;convergiu;8,735947538168207e-19;7065618,90929345;2170709,85538132;7061065,142618107;11966065,142618107;0,5999999993455163;14,321103182332566;15,064314212883017;0,7432110305030766;14,32110318237731;0,14321103182332567;332,3381098846934;79,05543363998666
0,8;1,0;0,01;1584,8090114879874;303,43458760238565;4870,428972200575;1,0;convergiu;3,3727272940217203e-18;6642572,141086928;2220052,1548612104;6633960,970803201;11538960,970803201;0,7999999988029008;15,295954967693373;16,248914514591807;0,95295954710263;15,295954967486036;0,15295954967693373;299,95982437554125;74,32206970684666
1,0;1,0;0,01;1510,1228999304674;321,0320182083428;4424,298724900117;1,0;convergiu;4,713613599159832e-19;6329532,60107807;2267091,84374291;6315412,206169449;11220412,206169449;0,9999999995198771;15,984371581733992;17,144215296650213;1,1598437148504157;15,984371581796184;0,15984371581733992;275,11521319686267;70,81954899357811
1,2;1,0;0,01;1453,120332384471;336,5553033261269;4067,430352250446;1,0;convergiu;3,5482418836489226e-19;6090611,908170127;2312367,7014779146;6069480,9082227405;10974480,90822274;1,1999999995852935;16,49621443253399;17,861176576092063;1,364962143488138;16,49621443259987;0,1649621443253399;255,32539629813138;68,14632542662915
1,4;1,0;0,01;1408,7596487827288;350,57036254254774;3774,061788590565;1,0;convergiu;2,719194794306412e-19;5904678,4367445465;2356219,0187716857;5875011,11755242;10780011,11755242;1,3999999996391481;16,889974791380133;18,458874538638067;1,5688997471831376;16,889974791450452;0,16889974791380133;239,12960234976072;66,06596255956259
1,6;1,0;0,01;1373,8338957186195;363,4407082340459;3527,7949304116114;0,0;convergiu;2,1048566162175207e-19;5758290,554906147;2398878,6553123035;5718556,318203714;10623556,318203714;1,5999999996850818;17,200220722113684;18,972222928772148;1,7720022065806533;17,200220722186618;0,17200220722113685;225,59821017322116;64,4280653524047
1,8;1,0;0,01;1346,185762381505;375,41348894348545;3317,5966030989675;0,0;convergiu;1,6492878316325563e-19;5642406,105154224;2440516,465971116;5591084,627310436;10496084,627310436;1,7999999997240363;17,448916275626246;19,423405437898584;1,9744891621919722;17,44891627570135;0,17448916275626247;214,10588930728258;63,131463378129006
2,0;1,0;0,01;1324,300484122059;386,6641815283438;3135,723248562207;0,0;convergiu;1,3056195664642483e-19;5550676,099448592;2481262,032222107;5486269,1707234625;10391269,170723462;1,9999999997575533;17,65078480009016;19,82729264767455;2,17650784750182;17,650784800167102;0,1765078480009016;204,2138728051062;62,105119405725
